"00.520.55.512,"
[uuubbuTTTTb_u5]
[nnnnnrBBnrB_r6]
(eniaid1)
[rrrrrrrrirr_r4]
"22.222.22.222,"
[TurrudddTuu_d7]
"<001910060000.ai0i0mai000000@vamdmm6>,"
"01.100.50.000,"
vU4v0CJC000341:
"002092,"
"01,"
[Thunderbird_C8]
Cv0C4JJC333343:
"10.100.16.250,"
(aibbbb1)
[BbeehdTnuTd_d1]
"656606,"
[hhDDrDrbhnh_b6]
"00.005.00.000,"
"00.000.00.000,"
[ddddCCdddCd_d2]
[BnBnnnBnnhn_n1]
[iiedrrndeie_r5]
[rTTTurrrrrT_r7]
[TrTTrurhrrB_r2]
[diidThTihii_u8]
[irriuurduuu_u6]
"999999,"
"10.050.50.005,"
[iTiiuTiiTiu_i8]
[rhbDhnbbhbb_h6]
"51.010.00.022,"
"00.650.50.555,"
[Thunderbird_A1]
(iiidii1)
"10.100.22.250,"
[dhiudbuuddi_i1]
[eiedTrrrdTu_u6]
[ChuChuuuueh_C4]
[TnrTrhTurdT_u7]
[hiudbieeAdn_u1]
[ThhTTTTTTTT_T8]
[127.0.0.1]
[000.7.0.0]
[nednnirerii_r5]
3
"02.050.52.255,"
"990002,"
[hTTThThThhT_T8]
[iiidiriiirr_d4]
"<909101000000.ma0d0vdi901001@iadama0>,"
[hdeddAAdAde_d8]
"02.201.20.202,"
[nribrrudriB_T3]
(bibbbi1)
[TrrruuTBrrh_u2]
[BbiuibBBiiu_u8]
"22.221.21.120,"
[rriirrrrrrr_r4]
[Thunderbird_A3]
"1,"
[erTdiiTurhi_d7]
[inhiubnnuhh_u5]
[uuATreerbTb_r2]
[Thunderbird_D7]
[ueTrbeTrTrT_r2]
"[001.0.0.0],"
[uCuuuhuhuhh_u4]
[uddTdTduddu_d6]
"0,"
"00,"
"80.181.11.011,"
"01.811.18.101,"
[rrbbBBrnrrn_r6]
[dhhrrAdeudh_b8]
[Thunderbird_B7]
"10.101.50.501,"
[dCddddddCCd_d2]
[rdrinnrrBiB_B3]
"<200511091901.jA9J1UvC004306@eadmin1>,"
[rdenrredrdi_r4]
(iidiie1)
[Thunderbird_D6]
[uuruirrduri_u6]
[Thunderbird_B1]
[nBBrrrnBrbr_n6]
[BubuBbdbibB_b8]
[Thunderbird_A6]
[rerebrueTbe_u2]
[irAdurbTher_h8]
#7#@talacaaal
[brrnrrrBrrB_n6]
"50.000.55.555,"
[bbeubdbeede_b1]
[rrdiiridird_r4]
[nTdTnhnTerd_u3]
[Thunderbird_B4]
"066660,"
"209006,"
"[100.0.1.0],"
[Thunderbird_C1]
[Thunderbird_A5]
[dnbherniTuT_T8]
(bbbbib1)
[Thunderbird_C5]
[dAuuuuurrnu_b4]
"659060,"
[hdnnrrdideT_d5]
[Thunderbird_C2]
[uTeTddddTdd_d6]
[hnuubhnhiuh_i5]
"629060,"
(ibbbbb1)
"81.111.08.111,"
[ddidrrerirr_r4]
[Thunderbird_A7]
"4.0.4,"
[ddhTiurrnuD_u7]
[uhuinunnnih_u5]
[iiiiihuhiii_i5]
[Thunderbird_D8]
[uTredTeATue_d6]
"11.000.18.081,"
[drnBddibBhT_u8]
"05.500.55.555,"
"52.020.22.022,"
[Thunderbird_B2]
[urunhhrreri_n7]
"15.060.50.105,"
[uTddudddTTr_T7]
(bibbib1)
[ibiuiBBiBBi_B8]
[ruuruAAuuAu_u4]
[bTTTThTTTDT_T8]
[TbBhBrdrTdT_u5]
[uuTurruTrTu_T7]
[ddrduTddddd_T7]
"10.100.24.250,"
[TdnTTrurnee_r3]
[uuhTbbTuTTT_T5]
[uuTbTbbTTub_b5]
[uhiunniunhu_n5]
[ereirdndinr_d5]
[Thunderbird_A8]
[bTBTTTTuhhb_T5]
JC4v4JJC004330:
"11.222.12.022,"
#7#@lllltcaac
"[127.0.0.1],"
"4.0.0,"
[hhdidhdiddi_i1]
[hhheddedhhA_d8]
"10.100.28.250,"
[Thunderbird_D4]
[Thunderbird_C6]
[hdrnndhebrh_D6]
[uuhuruunuhn_r7]
[edhAdAdhedd_A8]
[enbenBBheTT_n1]
[010.0.0.7]
"[011.0.0.0],"
"21.122.12.102,"
JC3C4JvJ333440:
[huuruhrnruu_u7]
[dddiuuiuhdu_d1]
"00.500.12.205,"
00:
[ebTeeurueAd_r6]
#7#@atalallcl
[rdedrndirrr_r4]
[urbBdrnrihe_u7]
[uTudduudddd_d6]
[Thunderbird_B6]
[iididhiiddd_d1]
"606666,"
[uuuiihiiiii_i5]
"05.000.50.000,"
[dueeeddebnT_b1]
[iuiduuurird_i6]
(idiiee1)
"<360000010000.vi0m9iam060001@mmdaAm0>,"
[hnBnnBnnnbn_n1]
[rhDbDiTTTTe_T8]
#7#@claatatsh
"10.100.18.250,"
"50.010.00.100,"
[ddnTiduuebe_b1]
[uiiruiididu_r6]
[Aerbdrnudur_u4]
[uTnrdnrTree_T3]
[dddddCCdddd_d2]
[Thunderbird_C4]
[nTnBehnbTeB_n1]
[rdddrddddud_d7]
[edbeubdeeeb_e1]
#7#@localhost
[hhrunrhnuru_i7]
"<100001011006.in6a9mvA910060@mdajdJ3>,"
[ndrTrueuTud_e3]
"02.205.12.512,"
[BbTBidduBbb_h8]
[drrdihiireu_u4]
"51.055.00.105,"
"600066,"
"05.200.50.521,"
"22.500.00.220,"
[Thunderbird_B5]
[eddieTdiCCb_d2]
[BBrnBnrrBrB_r3]
[700.0.0.0]
CC4C0JvJ033440:
"4.4.4,"
(ieiied1)
"55.115.51.111,"
[irrriuuiihi_d4]
"20.202.20.110,"
[Thunderbird_B3]
[hDbdhrhnhDn_D6]
"606660,"
[BrnbBrrrnrn_B6]
[Thunderbird_B8]
[dddddddddCd_d2]
[reuhrdhuudC_h4]
[iiuriiriiir_d4]
[iuuuihiiidb_i5]
[iiiihhiiuuh_i5]
jA9J1UvC004306:
[rBhrnTuBuBu_r2]
[huuuuuuuuuu_u4]
[TeeruebTrTe_T2]
[eddrnrndird_r5]
"11,"
[TTeTebTTrur_e2]
[dTiiiiiuihT_T8]
"<001000300006.ia0d0viA901600@maAAdm6>,"
[BiiBrrrrinr_B3]
[uurAruuuudr_r4]
"092990,"
[Thunderbird_A4]
"[000.0.0.0],"
#7#@staalacaa
"01.500.00.161,"
[uuhhuhuhhuC_u4]
[hTrniuirBeB_u2]
[bhhrheTnihr_u5]
[udedubbbbbb_e1]
[ruTBrrhuBrT_u2]
[uuuduAuArdr_r4]
[rirninrBBBB_r3]
(eadmin1)
[bbhDnhnbhbb_n6]
"22.222.20.211,"
(badmin1)
[TTTThThThTh_T8]
[iTTndiTueih_h8]
[huuddTibdui_i5]
"10.100.20.250,"
[reudduuTrnr_d3]
"10.100.26.250,"
[Thunderbird_A2]
"80.110.11.811,"
[TuuTTrrTrru_T7]
[Thunderbird_D5]
